{"cameraMode":{"drawMode":0,"name":"Shaded","section":"Shading Mode"},"sceneLighting":true,"audioPlay":false,"sceneViewState":{"showFog":true,"showMaterialUpdate":true,"showSkybox":true,"showFlares":true,"showImageEffects":true,"showParticleSystems":true},"in2DMode":false,"pivot":{"x":-0.13913479447364808,"y":1.6057460308074952,"z":2.3567049503326418},"rotation":{"x":0.011851852759718895,"y":0.7786884307861328,"z":-0.6271262764930725,"w":0.014715251512825489},"size":4.584641456604004,"orthographic":true}